year,time_secs
2015,17.174325466156006
2015,16.862476348876953
2016,28.16282773017884
2017,20.20148539543152
2018,13.404215097427368
2015,17.39245343208313
2016,23.98825526237488
2017,19.03814387321472
2018,14.970147132873535
2015,21.73873543739319
2016,27.274266958236694
2017,20.804004669189453
2018,16.619410037994385
2015,19.693138122558594
2016,65.80430912971497
2017,20.909144401550293
2018,15.455577611923218
