year,time_elapsed,failed_chunks
2009,2.1928088665008545,[]
2011,2.370044469833374,[]
2012,5.765453815460205,[]
2014,4.642682075500488,[]
2015,5.880950212478638,[]
2016,28.253548622131348,[]
2017,20.494709253311157,[]
2018,31.059938669204712,[]
