year,time_elapsed,failed_chunks
2009,1.313685655593872,[]
2011,2.646282911300659,[]
2012,4.895193815231323,[]
2014,2.665031909942627,[]
2015,18.189671754837036,[]
2016,18.418591499328613,[]
2017,32.98276424407959,[]
2018,24.728441953659058,[]
