year,time_elapsed,failed_chunks
2009,1.0981876850128174,[]
2011,1.4690914154052734,[]
2012,1.766031265258789,[]
2014,1.2189686298370361,[]
2015,2.8017828464508057,[]
2016,4.520854473114014,[]
2017,6.546458005905151,[]
2018,4.761678218841553,[]
