year,time_elapsed,failed_chunks
2009,1.009139060974121,[]
2011,1.818718671798706,[]
2012,2.623699188232422,[]
2014,1.5276179313659668,[]
2015,4.201231956481934,[]
2016,4.671857595443726,[]
2017,8.63294005393982,[]
2018,6.779801368713379,[]
2009,0.925356388092041,[]
2011,2.193108081817627,[]
2012,1.7756457328796387,[]
2014,1.447852373123169,[]
2015,4.839649677276611,[]
2016,5.434362411499023,[]
2017,10.700021028518677,[]
2018,8.199010372161865,[]
