,type,batch_no,time_secs,failed_chunks
0,extraction,1,82.77590656280518,"[3, 93]"
0,extraction,2,32.93143630027771,[]
0,extraction,1,32.33151721954346,[]
0,extraction,2,29.61056399345398,[]
0,extraction,1,31.67546319961548,[]
0,extraction,1,84.14162421226501,[93]
0,extraction,2,28.514429807662964,[]
0,extraction,1,83.32838535308838,"[14, 93]"
0,extraction,1,82.32940435409546,[93]
0,extraction,1,85.18720841407776,[93]
