year,time_elapsed,failed_chunks
2009,2.014979839324951,[]
2011,5.7199928760528564,[]
2012,18.391912698745728,[]
2014,5.135571479797363,[]
2015,24.68307375907898,[]
2016,14.796012878417969,[]
2017,30.247427463531494,[]
2018,24.911425828933716,[]
