year,time_elapsed,failed_chunks
2009,1.009139060974121,[]
2011,1.818718671798706,[]
2012,2.623699188232422,[]
2014,1.5276179313659668,[]
2015,4.201231956481934,[]
2016,4.671857595443726,[]
2017,8.63294005393982,[]
2018,6.779801368713379,[]
