year,time_elapsed,failed_chunks
2009,3.087848424911499,[]
2011,10.549099445343018,[]
2012,8.58216381072998,[]
2014,6.859115362167358,[]
2015,17.063637256622314,[]
2016,16.449302434921265,[]
2017,25.77513289451599,[]
2018,30.839287281036377,[]
