year,time_elapsed,failed_chunks
2009,3.125364303588867,[]
2011,20.414579153060913,[]
2012,2.444157123565674,[]
2013,3.0469248294830322,[]
2014,1.4547080993652344,[]
2015,31.438679933547974,[]
2016,38.56688833236694,[]
2017,61.172534465789795,[]
2018,53.55965065956116,[]
