year,time_elapsed,failed_chunks
2009,1.4602768421173096,[]
2011,0.9632911682128906,[]
2012,0.7175722122192383,[]
2013,1.4542913436889648,[]
2014,1.2094769477844238,[]
2015,14.971787452697754,[]
2016,26.7225284576416,[]
2017,32.222200870513916,[]
2018,33.404483795166016,[]
