,batch_no,time_secs
0,1,56.399832010269165
0,2,5.051846265792847
0,2,75.57405734062195
