year,time_elapsed,failed_chunks
2009,2.8001270294189453,[]
2011,1.8295989036560059,[]
2012,1.4089701175689697,[]
2014,3.2123939990997314,[]
2015,5.544027328491211,[]
2016,6.439574241638184,[]
2017,8.072854042053223,[]
2018,10.698211193084717,[]
