year,time_elapsed,failed_chunks
2009,0.8325352668762207,[]
2011,1.1600732803344727,[]
2012,0.8677990436553955,[]
2014,2.949312210083008,[]
2015,5.444240570068359,[]
2016,4.223252058029175,[]
2017,5.453670978546143,[]
2018,4.52062463760376,[]
