,type,batch_no,time_secs,failed_chunks
0,extraction,1,82.77590656280518,"[3, 93]"
0,extraction,2,32.93143630027771,[]
0,extraction,1,32.33151721954346,[]
0,extraction,2,29.61056399345398,[]
